{
    "ModSettings": {
        "include_hotbar_modifier": {
            "main": {
                "keys": ""
            }
        },
        "move_just_refill_modifier": {
            "main": {
                "keys": ""
            }
        },
        "highlight_foused_items": {
            "value": false
        },
        "enable_profiles": {
            "value": false
        },
        "villager_trading_enable": {
            "value": false
        },
        "add_interval_between_clicks": {
            "value": true
        },
        "interval_between_clicks_ms": 15,
        "first_run": false
    },
    "GuiSettings": {
        "continuous_crafting_saved_value": false
    },
    "AutoRefillSettings": {
        "visual_durability_notification": {
            "value": false
        },
        "audio_durability_notification": {
            "value": false
        },
        "visual_replace_success_notification": {
            "value": false
        },
        "audio_replace_success_notification": {
            "value": false
        },
        "visual_replace_failed_notification": {
            "value": false
        },
        "audio_replace_failed_notification": {
            "value": false
        }
    }
}